1735,Pythonの歌,https://uta.pw/sakusibbs/post.php?mml_id=1735
1591,test,https://uta.pw/sakusibbs/post.php?mml_id=1591
1400,自動処理,https://uta.pw/sakusibbs/post.php?mml_id=1400
1352,テスト投稿です,https://uta.pw/sakusibbs/post.php?mml_id=1352
1312,テスト,https://uta.pw/sakusibbs/post.php?mml_id=1312
1298,お助けの歌,https://uta.pw/sakusibbs/post.php?mml_id=1298
1295,ABC,https://uta.pw/sakusibbs/post.php?mml_id=1295
1238,テスト、テスト、今日もテスト,https://uta.pw/sakusibbs/post.php?mml_id=1238
939,Learning Python Song,https://uta.pw/sakusibbs/post.php?mml_id=939
938,Learning Python,https://uta.pw/sakusibbs/post.php?mml_id=938
845,ぱいソング,https://uta.pw/sakusibbs/post.php?mml_id=845
816,テスト,https://uta.pw/sakusibbs/post.php?mml_id=816
269,吾輩はテスターである　その２,https://uta.pw/sakusibbs/post.php?mml_id=269
268,吾輩はテスターである,https://uta.pw/sakusibbs/post.php?mml_id=268
246,プリンとシュークリーム,https://uta.pw/sakusibbs/post.php?mml_id=246
162,眠ってもデバッグ,https://uta.pw/sakusibbs/post.php?mml_id=162
161,今日も明日もJS三昧,https://uta.pw/sakusibbs/post.php?mml_id=161

