タイトル,コメント,URL
test,(2026/01/18) test,https://uta.pw/sakusibbs/post.php?mml_id=1924
サーバーメンテナンス後のテストの巻,(2023/10/21) テスト,https://uta.pw/sakusibbs/post.php?mml_id=1384
どこまでも,(2022/03/11) どこまでもいきます,https://uta.pw/sakusibbs/post.php?mml_id=1232
テストとはテスト,(2018/07/31) テスト人生,https://uta.pw/sakusibbs/post.php?mml_id=421
ヨモギ,(2017/12/18) 投稿テストその2,https://uta.pw/sakusibbs/post.php?mml_id=347
すたーとふろむ風呂,(2017/12/18) 風呂風呂風呂,https://uta.pw/sakusibbs/post.php?mml_id=346
取り外す,(2016/09/15) 今の世は何でも取り外し可能です,https://uta.pw/sakusibbs/post.php?mml_id=272
危険な試験,(2016/08/22) 作詞支援ツールのアップデート記念に一句,https://uta.pw/sakusibbs/post.php?mml_id=270
数え歌,(2016/02/15) 数える歌です。,https://uta.pw/sakusibbs/post.php?mml_id=245
爽やかな風の中で,(2015/08/05) 夏になると思い出す、若い苦い思い出。,https://uta.pw/sakusibbs/post.php?mml_id=206
リトマス紙と私,(2015/01/08) 人に流されず自分で決めることが重要です,https://uta.pw/sakusibbs/post.php?mml_id=141
サラダよ皿に乗れ,(2014/10/11) なかなか人と同じ道に進むのは難しいものです,https://uta.pw/sakusibbs/post.php?mml_id=127
ずーっとるーむ,(2014/10/11) どうして人は引きこもるのか,https://uta.pw/sakusibbs/post.php?mml_id=124
チキンカレーだけが世界,(2014/09/13) チキンカレーの歌,https://uta.pw/sakusibbs/post.php?mml_id=121
夕焼けと船,(2014/08/26) あの頃はゆっくり船をずっと見る時間があったけど、今は・・・,https://uta.pw/sakusibbs/post.php?mml_id=118
逃亡,(2014/08/24) 実験室から逃げるマウス。逃げ切れるのか,https://uta.pw/sakusibbs/post.php?mml_id=116
ゆうひ,(2014/08/21) 海辺の夕日を見て,https://uta.pw/sakusibbs/post.php?mml_id=110
おもちゃ箱ガラガラ行進曲の歌詞,(2014/08/19) 動画URLの投稿テストです,https://uta.pw/sakusibbs/post.php?mml_id=108
海辺でゆったり,(2014/08/21) 海辺でゆったりしているところを思い出して作りました。,https://uta.pw/sakusibbs/post.php?mml_id=105
